
--Inserting in Kiln 
INSERT [dbo].[Kiln] ([KilnID], [KilnName]) VALUES ('KL1','TBK1')
INSERT [dbo].[Kiln] ([KilnID], [KilnName]) VALUES ('KL2','TBK2')
INSERT [dbo].[Kiln] ([KilnID], [KilnName]) VALUES ('KL3','TBK3')
INSERT [dbo].[Kiln] ([KilnID], [KilnName]) VALUES ('KL4','TBK4')
INSERT [dbo].[Kiln] ([KilnID], [KilnName]) VALUES ('KL5','FBK1')
INSERT [dbo].[Kiln] ([KilnID], [KilnName]) VALUES ('KL6','FBK2')

--Inserting in Booster House

INSERT [dbo].[BoosterHouse] ([KilnID1], [KilnID2], [BoosterHouseID], [FilterType]) VALUES ('KL1', 'KL2', 'BH1', 'Nylon')
INSERT [dbo].[BoosterHouse] ([KilnID1], [KilnID2], [BoosterHouseID], [FilterType]) VALUES ('KL3', 'KL4', 'BH2', 'Nylon')
INSERT [dbo].[BoosterHouse] ([KilnID1], [KilnID2], [BoosterHouseID], [FilterType]) VALUES ('KL5', 'KL6', 'BH3', 'Ferrule')

-----------------------------------------------------
--Inserting in Booster Base

INSERT [dbo].[Booster_Base] ([BaseID], [BoosterHouseID]) VALUES (N'101', N'BH1')
INSERT [dbo].[Booster_Base] ([BaseID], [BoosterHouseID]) VALUES (N'102', N'BH1')
INSERT [dbo].[Booster_Base] ([BaseID], [BoosterHouseID]) VALUES (N'103', N'BH1')
INSERT [dbo].[Booster_Base] ([BaseID], [BoosterHouseID]) VALUES (N'204', N'BH1')
INSERT [dbo].[Booster_Base] ([BaseID], [BoosterHouseID]) VALUES (N'205', N'BH1')
INSERT [dbo].[Booster_Base] ([BaseID], [BoosterHouseID]) VALUES (N'206', N'BH1')
INSERT [dbo].[Booster_Base] ([BaseID], [BoosterHouseID]) VALUES (N'301', N'BH2')
INSERT [dbo].[Booster_Base] ([BaseID], [BoosterHouseID]) VALUES (N'302', N'BH2')
INSERT [dbo].[Booster_Base] ([BaseID], [BoosterHouseID]) VALUES (N'303', N'BH2')
INSERT [dbo].[Booster_Base] ([BaseID], [BoosterHouseID]) VALUES (N'401', N'BH2')
INSERT [dbo].[Booster_Base] ([BaseID], [BoosterHouseID]) VALUES (N'402', N'BH2')
INSERT [dbo].[Booster_Base] ([BaseID], [BoosterHouseID]) VALUES (N'403', N'BH2')
INSERT [dbo].[Booster_Base] ([BaseID], [BoosterHouseID]) VALUES (N'501', N'BH3')
INSERT [dbo].[Booster_Base] ([BaseID], [BoosterHouseID]) VALUES (N'502', N'BH3')
INSERT [dbo].[Booster_Base] ([BaseID], [BoosterHouseID]) VALUES (N'503', N'BH3')
INSERT [dbo].[Booster_Base] ([BaseID], [BoosterHouseID]) VALUES (N'504', N'BH3')
INSERT [dbo].[Booster_Base] ([BaseID], [BoosterHouseID]) VALUES (N'631', N'BH3')
INSERT [dbo].[Booster_Base] ([BaseID], [BoosterHouseID]) VALUES (N'633', N'BH3')
INSERT [dbo].[Booster_Base] ([BaseID], [BoosterHouseID]) VALUES (N'635', N'BH3')
INSERT [dbo].[Booster_Base] ([BaseID], [BoosterHouseID]) VALUES (N'637', N'BH3')

----------------------------------------------------------------------------------------
--Inserting into Booster

INSERT [dbo].[Booster] ([BoosterID], [Type], [PurchaseDate]) VALUES (CAST(1001 AS Numeric(4, 0)), N'SV', CAST(N'2013-04-05' AS Date))
INSERT [dbo].[Booster] ([BoosterID], [Type], [PurchaseDate]) VALUES (CAST(1002 AS Numeric(4, 0)), N'SV', CAST(N'2013-04-05' AS Date))
INSERT [dbo].[Booster] ([BoosterID], [Type], [PurchaseDate]) VALUES (CAST(1003 AS Numeric(4, 0)), N'IV', CAST(N'2013-04-05' AS Date))
INSERT [dbo].[Booster] ([BoosterID], [Type], [PurchaseDate]) VALUES (CAST(1004 AS Numeric(4, 0)), N'IV', CAST(N'2013-04-05' AS Date))
INSERT [dbo].[Booster] ([BoosterID], [Type], [PurchaseDate]) VALUES (CAST(1005 AS Numeric(4, 0)), N'SV', CAST(N'2013-04-05' AS Date))
INSERT [dbo].[Booster] ([BoosterID], [Type], [PurchaseDate]) VALUES (CAST(1006 AS Numeric(4, 0)), N'IV', CAST(N'2013-04-05' AS Date))
INSERT [dbo].[Booster] ([BoosterID], [Type], [PurchaseDate]) VALUES (CAST(1007 AS Numeric(4, 0)), N'SV', CAST(N'2013-04-05' AS Date))
INSERT [dbo].[Booster] ([BoosterID], [Type], [PurchaseDate]) VALUES (CAST(1008 AS Numeric(4, 0)), N'IV', CAST(N'2013-04-05' AS Date))
INSERT [dbo].[Booster] ([BoosterID], [Type], [PurchaseDate]) VALUES (CAST(1009 AS Numeric(4, 0)), N'SV', CAST(N'2013-04-05' AS Date))
INSERT [dbo].[Booster] ([BoosterID], [Type], [PurchaseDate]) VALUES (CAST(1010 AS Numeric(4, 0)), N'SV', CAST(N'2013-04-05' AS Date))
INSERT [dbo].[Booster] ([BoosterID], [Type], [PurchaseDate]) VALUES (CAST(1011 AS Numeric(4, 0)), N'SV', CAST(N'2013-04-05' AS Date))
INSERT [dbo].[Booster] ([BoosterID], [Type], [PurchaseDate]) VALUES (CAST(1012 AS Numeric(4, 0)), N'SV', CAST(N'2013-04-05' AS Date))
INSERT [dbo].[Booster] ([BoosterID], [Type], [PurchaseDate]) VALUES (CAST(1013 AS Numeric(4, 0)), N'SV', CAST(N'2013-04-05' AS Date))
INSERT [dbo].[Booster] ([BoosterID], [Type], [PurchaseDate]) VALUES (CAST(1014 AS Numeric(4, 0)), N'IV', CAST(N'2013-04-05' AS Date))
INSERT [dbo].[Booster] ([BoosterID], [Type], [PurchaseDate]) VALUES (CAST(1015 AS Numeric(4, 0)), N'IV', CAST(N'2013-04-05' AS Date))
INSERT [dbo].[Booster] ([BoosterID], [Type], [PurchaseDate]) VALUES (CAST(1016 AS Numeric(4, 0)), N'IV', CAST(N'2013-04-05' AS Date))
INSERT [dbo].[Booster] ([BoosterID], [Type], [PurchaseDate]) VALUES (CAST(1017 AS Numeric(4, 0)), N'SV', CAST(N'2013-04-05' AS Date))
INSERT [dbo].[Booster] ([BoosterID], [Type], [PurchaseDate]) VALUES (CAST(1018 AS Numeric(4, 0)), N'SV', CAST(N'2013-04-05' AS Date))
INSERT [dbo].[Booster] ([BoosterID], [Type], [PurchaseDate]) VALUES (CAST(1019 AS Numeric(4, 0)), N'IV', CAST(N'2013-04-05' AS Date))
INSERT [dbo].[Booster] ([BoosterID], [Type], [PurchaseDate]) VALUES (CAST(1020 AS Numeric(4, 0)), N'IV', CAST(N'2016-10-10' AS Date))
INSERT [dbo].[Booster] ([BoosterID], [Type], [PurchaseDate]) VALUES (CAST(1021 AS Numeric(4, 0)), N'SV', CAST(N'2016-10-10' AS Date))
INSERT [dbo].[Booster] ([BoosterID], [Type], [PurchaseDate]) VALUES (CAST(1022 AS Numeric(4, 0)), N'SV', CAST(N'2016-10-10' AS Date))
INSERT [dbo].[Booster] ([BoosterID], [Type], [PurchaseDate]) VALUES (CAST(1023 AS Numeric(4, 0)), N'SV', CAST(N'2016-10-10' AS Date))
INSERT [dbo].[Booster] ([BoosterID], [Type], [PurchaseDate]) VALUES (CAST(1024 AS Numeric(4, 0)), N'SV', CAST(N'2016-10-10' AS Date))
INSERT [dbo].[Booster] ([BoosterID], [Type], [PurchaseDate]) VALUES (CAST(1025 AS Numeric(4, 0)), N'SV', CAST(N'2016-10-10' AS Date))
INSERT [dbo].[Booster] ([BoosterID], [Type], [PurchaseDate]) VALUES (CAST(1026 AS Numeric(4, 0)), N'IV', CAST(N'2016-10-10' AS Date))
INSERT [dbo].[Booster] ([BoosterID], [Type], [PurchaseDate]) VALUES (CAST(1027 AS Numeric(4, 0)), N'IV', CAST(N'2016-10-10' AS Date))
INSERT [dbo].[Booster] ([BoosterID], [Type], [PurchaseDate]) VALUES (CAST(1028 AS Numeric(4, 0)), N'SV', CAST(N'2017-02-15' AS Date))
INSERT [dbo].[Booster] ([BoosterID], [Type], [PurchaseDate]) VALUES (CAST(1029 AS Numeric(4, 0)), N'IV', CAST(N'2017-02-15' AS Date))
INSERT [dbo].[Booster] ([BoosterID], [Type], [PurchaseDate]) VALUES (CAST(1030 AS Numeric(4, 0)), N'SV', CAST(N'2017-02-15' AS Date))
INSERT [dbo].[Booster] ([BoosterID], [Type], [PurchaseDate]) VALUES (CAST(1031 AS Numeric(4, 0)), N'IV', CAST(N'2017-02-15' AS Date))
INSERT [dbo].[Booster] ([BoosterID], [Type], [PurchaseDate]) VALUES (CAST(1032 AS Numeric(4, 0)), N'IV', CAST(N'2017-02-15' AS Date))
INSERT [dbo].[Booster] ([BoosterID], [Type], [PurchaseDate]) VALUES (CAST(1033 AS Numeric(4, 0)), N'SV', CAST(N'2018-03-18' AS Date))
INSERT [dbo].[Booster] ([BoosterID], [Type], [PurchaseDate]) VALUES (CAST(1034 AS Numeric(4, 0)), N'IV', CAST(N'2018-03-19' AS Date))
INSERT [dbo].[Booster] ([BoosterID], [Type], [PurchaseDate]) VALUES (CAST(1035 AS Numeric(4, 0)), N'SV', CAST(N'2018-03-20' AS Date))
INSERT [dbo].[Booster] ([BoosterID], [Type], [PurchaseDate]) VALUES (CAST(1036 AS Numeric(4, 0)), N'SV', CAST(N'2018-03-21' AS Date))


--------------------------------------------------
--Inserting in KilnTimeline

INSERT [dbo].[KilnTimeline] ([KilnID], [Base], [BoosterRemoved], [BoosterInstalled], [Date], [Remark]) VALUES (N'KL1', N'101', N'', N'1001', CAST(N'2019-01-01' AS Date), N'')
INSERT [dbo].[KilnTimeline] ([KilnID], [Base], [BoosterRemoved], [BoosterInstalled], [Date], [Remark]) VALUES (N'KL1', N'102', N'', N'1002', CAST(N'2019-01-01' AS Date), N'')
INSERT [dbo].[KilnTimeline] ([KilnID], [Base], [BoosterRemoved], [BoosterInstalled], [Date], [Remark]) VALUES (N'KL1', N'103', N'', N'1003', CAST(N'2019-01-01' AS Date), N'')
INSERT [dbo].[KilnTimeline] ([KilnID], [Base], [BoosterRemoved], [BoosterInstalled], [Date], [Remark]) VALUES (N'KL2', N'204', N'', N'1004', CAST(N'2019-01-01' AS Date), N'')
INSERT [dbo].[KilnTimeline] ([KilnID], [Base], [BoosterRemoved], [BoosterInstalled], [Date], [Remark]) VALUES (N'KL2', N'205', N'', N'1005', CAST(N'2019-01-01' AS Date), N'')
INSERT [dbo].[KilnTimeline] ([KilnID], [Base], [BoosterRemoved], [BoosterInstalled], [Date], [Remark]) VALUES (N'KL2', N'206', N'', N'1006', CAST(N'2019-01-01' AS Date), N'')
INSERT [dbo].[KilnTimeline] ([KilnID], [Base], [BoosterRemoved], [BoosterInstalled], [Date], [Remark]) VALUES (N'KL3', N'301', N'', N'1007', CAST(N'2019-01-01' AS Date), N'')
INSERT [dbo].[KilnTimeline] ([KilnID], [Base], [BoosterRemoved], [BoosterInstalled], [Date], [Remark]) VALUES (N'KL3', N'302', N'', N'1008', CAST(N'2019-01-01' AS Date), N'')
INSERT [dbo].[KilnTimeline] ([KilnID], [Base], [BoosterRemoved], [BoosterInstalled], [Date], [Remark]) VALUES (N'KL3', N'303', N'', N'1009', CAST(N'2019-01-01' AS Date), N'')
INSERT [dbo].[KilnTimeline] ([KilnID], [Base], [BoosterRemoved], [BoosterInstalled], [Date], [Remark]) VALUES (N'KL4', N'401', N'', N'1010', CAST(N'2019-01-01' AS Date), N'')
INSERT [dbo].[KilnTimeline] ([KilnID], [Base], [BoosterRemoved], [BoosterInstalled], [Date], [Remark]) VALUES (N'KL4', N'402', N'', N'1011', CAST(N'2019-01-01' AS Date), N'')
INSERT [dbo].[KilnTimeline] ([KilnID], [Base], [BoosterRemoved], [BoosterInstalled], [Date], [Remark]) VALUES (N'KL4', N'403', N'', N'1012', CAST(N'2019-01-01' AS Date), N'')
INSERT [dbo].[KilnTimeline] ([KilnID], [Base], [BoosterRemoved], [BoosterInstalled], [Date], [Remark]) VALUES (N'KL5', N'501', N'', N'1013', CAST(N'2019-01-01' AS Date), N'')
INSERT [dbo].[KilnTimeline] ([KilnID], [Base], [BoosterRemoved], [BoosterInstalled], [Date], [Remark]) VALUES (N'KL5', N'502', N'', N'1014', CAST(N'2019-01-01' AS Date), N'')
INSERT [dbo].[KilnTimeline] ([KilnID], [Base], [BoosterRemoved], [BoosterInstalled], [Date], [Remark]) VALUES (N'KL5', N'503', N'', N'1015', CAST(N'2019-01-01' AS Date), N'')
INSERT [dbo].[KilnTimeline] ([KilnID], [Base], [BoosterRemoved], [BoosterInstalled], [Date], [Remark]) VALUES (N'KL5', N'504', N'', N'1016', CAST(N'2019-01-01' AS Date), N'')
INSERT [dbo].[KilnTimeline] ([KilnID], [Base], [BoosterRemoved], [BoosterInstalled], [Date], [Remark]) VALUES (N'KL6', N'631', N'', N'1017', CAST(N'2019-01-01' AS Date), N'')
INSERT [dbo].[KilnTimeline] ([KilnID], [Base], [BoosterRemoved], [BoosterInstalled], [Date], [Remark]) VALUES (N'KL6', N'633', N'', N'1018', CAST(N'2019-01-01' AS Date), N'')
INSERT [dbo].[KilnTimeline] ([KilnID], [Base], [BoosterRemoved], [BoosterInstalled], [Date], [Remark]) VALUES (N'KL6', N'635', N'', N'1019', CAST(N'2019-01-01' AS Date), N'')
INSERT [dbo].[KilnTimeline] ([KilnID], [Base], [BoosterRemoved], [BoosterInstalled], [Date], [Remark]) VALUES (N'KL6', N'637', N'', N'1020', CAST(N'2019-01-01' AS Date), N'')
INSERT [dbo].[KilnTimeline] ([KilnID], [Base], [BoosterRemoved], [BoosterInstalled], [Date], [Remark]) VALUES (N'KL2', N'204', N'1004', N'1021', CAST(N'2019-01-24' AS Date), N'')
INSERT [dbo].[KilnTimeline] ([KilnID], [Base], [BoosterRemoved], [BoosterInstalled], [Date], [Remark]) VALUES (N'KL1', N'101', N'1001', N'1022', CAST(N'2019-01-31' AS Date), N'')
INSERT [dbo].[KilnTimeline] ([KilnID], [Base], [BoosterRemoved], [BoosterInstalled], [Date], [Remark]) VALUES (N'KL1', N'102', N'1002', N'1023', CAST(N'2019-02-02' AS Date), N'')
INSERT [dbo].[KilnTimeline] ([KilnID], [Base], [BoosterRemoved], [BoosterInstalled], [Date], [Remark]) VALUES (N'KL3', N'301', N'1007', N'1024', CAST(N'2019-02-04' AS Date), N'')
INSERT [dbo].[KilnTimeline] ([KilnID], [Base], [BoosterRemoved], [BoosterInstalled], [Date], [Remark]) VALUES (N'KL2', N'205', N'1005', N'1025', CAST(N'2019-04-03' AS Date), N'')
INSERT [dbo].[KilnTimeline] ([KilnID], [Base], [BoosterRemoved], [BoosterInstalled], [Date], [Remark]) VALUES (N'KL1', N'103', N'1003', N'1026', CAST(N'2019-04-14' AS Date), N'')
INSERT [dbo].[KilnTimeline] ([KilnID], [Base], [BoosterRemoved], [BoosterInstalled], [Date], [Remark]) VALUES (N'KL3', N'303', N'1009', N'1027', CAST(N'2019-04-15' AS Date), N'')
INSERT [dbo].[KilnTimeline] ([KilnID], [Base], [BoosterRemoved], [BoosterInstalled], [Date], [Remark]) VALUES (N'KL2', N'206', N'1006', N'1028', CAST(N'2019-04-15' AS Date), N'')
INSERT [dbo].[KilnTimeline] ([KilnID], [Base], [BoosterRemoved], [BoosterInstalled], [Date], [Remark]) VALUES (N'KL4', N'401', N'1010', N'1029', CAST(N'2019-04-17' AS Date), N'')
INSERT [dbo].[KilnTimeline] ([KilnID], [Base], [BoosterRemoved], [BoosterInstalled], [Date], [Remark]) VALUES (N'KL5', N'502', N'1014', N'1030', CAST(N'2019-05-19' AS Date), N'')
INSERT [dbo].[KilnTimeline] ([KilnID], [Base], [BoosterRemoved], [BoosterInstalled], [Date], [Remark]) VALUES (N'KL5', N'503', N'1015', N'1031', CAST(N'2019-05-19' AS Date), N'')
INSERT [dbo].[KilnTimeline] ([KilnID], [Base], [BoosterRemoved], [BoosterInstalled], [Date], [Remark]) VALUES (N'KL5', N'501', N'1013', N'1032', CAST(N'2019-05-20' AS Date), N'')
INSERT [dbo].[KilnTimeline] ([KilnID], [Base], [BoosterRemoved], [BoosterInstalled], [Date], [Remark]) VALUES (N'KL4', N'403', N'1012', N'1033', CAST(N'2019-06-22' AS Date), N'')
INSERT [dbo].[KilnTimeline] ([KilnID], [Base], [BoosterRemoved], [BoosterInstalled], [Date], [Remark]) VALUES (N'KL6', N'631', N'1017', N'1034', CAST(N'2019-06-27' AS Date), N'')
INSERT [dbo].[KilnTimeline] ([KilnID], [Base], [BoosterRemoved], [BoosterInstalled], [Date], [Remark]) VALUES (N'KL4', N'402', N'1011', N'1035', CAST(N'2019-07-20' AS Date), N'')
INSERT [dbo].[KilnTimeline] ([KilnID], [Base], [BoosterRemoved], [BoosterInstalled], [Date], [Remark]) VALUES (N'KL6', N'633', N'1018', N'1036', CAST(N'2019-07-24' AS Date), N'')
INSERT [dbo].[KilnTimeline] ([KilnID], [Base], [BoosterRemoved], [BoosterInstalled], [Date], [Remark]) VALUES (N'KL6', N'635', N'1019', N'1004', CAST(N'2019-08-20' AS Date), N'')
INSERT [dbo].[KilnTimeline] ([KilnID], [Base], [BoosterRemoved], [BoosterInstalled], [Date], [Remark]) VALUES (N'KL6', N'637', N'1020', N'1001', CAST(N'2019-09-25' AS Date), N'')

---------------------------------------------------------------------------------------------------------------
--Inserting into Observation Lookup table

INSERT [dbo].[Observation LU] ([ObservationIndex], [Description]) VALUES (CAST(1 AS Numeric(5, 0)), N'Less Flow')
INSERT [dbo].[Observation LU] ([ObservationIndex], [Description]) VALUES (CAST(2 AS Numeric(5, 0)), N'No Flow')
INSERT [dbo].[Observation LU] ([ObservationIndex], [Description]) VALUES (CAST(3 AS Numeric(5, 0)), N'Booster Offline')
INSERT [dbo].[Observation LU] ([ObservationIndex], [Description]) VALUES (CAST(4 AS Numeric(5, 0)), N'Gas Leakage ')
INSERT [dbo].[Observation LU] ([ObservationIndex], [Description]) VALUES (CAST(5 AS Numeric(5, 0)), N'Water Leakage')
INSERT [dbo].[Observation LU] ([ObservationIndex], [Description]) VALUES (CAST(6 AS Numeric(5, 0)), N'Abnormal Sound')
INSERT [dbo].[Observation LU] ([ObservationIndex], [Description]) VALUES (CAST(7 AS Numeric(5, 0)), N'Misc')

----------------------------------------------------------------------------------------------------------
--Inserting into Observations

INSERT [dbo].[Observations] ([KilnTimelineID], [ObservationIndex]) VALUES (CAST(21 AS Numeric(5, 0)), CAST(1 AS Numeric(5, 0)))
INSERT [dbo].[Observations] ([KilnTimelineID], [ObservationIndex]) VALUES (CAST(22 AS Numeric(5, 0)), CAST(1 AS Numeric(5, 0)))
INSERT [dbo].[Observations] ([KilnTimelineID], [ObservationIndex]) VALUES (CAST(23 AS Numeric(5, 0)), CAST(3 AS Numeric(5, 0)))
INSERT [dbo].[Observations] ([KilnTimelineID], [ObservationIndex]) VALUES (CAST(24 AS Numeric(5, 0)), CAST(4 AS Numeric(5, 0)))
INSERT [dbo].[Observations] ([KilnTimelineID], [ObservationIndex]) VALUES (CAST(25 AS Numeric(5, 0)), CAST(5 AS Numeric(5, 0)))
INSERT [dbo].[Observations] ([KilnTimelineID], [ObservationIndex]) VALUES (CAST(26 AS Numeric(5, 0)), CAST(6 AS Numeric(5, 0)))
INSERT [dbo].[Observations] ([KilnTimelineID], [ObservationIndex]) VALUES (CAST(27 AS Numeric(5, 0)), CAST(5 AS Numeric(5, 0)))
INSERT [dbo].[Observations] ([KilnTimelineID], [ObservationIndex]) VALUES (CAST(28 AS Numeric(5, 0)), CAST(2 AS Numeric(5, 0)))
INSERT [dbo].[Observations] ([KilnTimelineID], [ObservationIndex]) VALUES (CAST(29 AS Numeric(5, 0)), CAST(1 AS Numeric(5, 0)))
INSERT [dbo].[Observations] ([KilnTimelineID], [ObservationIndex]) VALUES (CAST(30 AS Numeric(5, 0)), CAST(1 AS Numeric(5, 0)))
INSERT [dbo].[Observations] ([KilnTimelineID], [ObservationIndex]) VALUES (CAST(31 AS Numeric(5, 0)), CAST(1 AS Numeric(5, 0)))
INSERT [dbo].[Observations] ([KilnTimelineID], [ObservationIndex]) VALUES (CAST(32 AS Numeric(5, 0)), CAST(2 AS Numeric(5, 0)))
INSERT [dbo].[Observations] ([KilnTimelineID], [ObservationIndex]) VALUES (CAST(33 AS Numeric(5, 0)), CAST(3 AS Numeric(5, 0)))
INSERT [dbo].[Observations] ([KilnTimelineID], [ObservationIndex]) VALUES (CAST(34 AS Numeric(5, 0)), CAST(4 AS Numeric(5, 0)))
INSERT [dbo].[Observations] ([KilnTimelineID], [ObservationIndex]) VALUES (CAST(35 AS Numeric(5, 0)), CAST(5 AS Numeric(5, 0)))
INSERT [dbo].[Observations] ([KilnTimelineID], [ObservationIndex]) VALUES (CAST(36 AS Numeric(5, 0)), CAST(6 AS Numeric(5, 0)))
INSERT [dbo].[Observations] ([KilnTimelineID], [ObservationIndex]) VALUES (CAST(37 AS Numeric(5, 0)), CAST(6 AS Numeric(5, 0)))
INSERT [dbo].[Observations] ([KilnTimelineID], [ObservationIndex]) VALUES (CAST(38 AS Numeric(5, 0)), CAST(3 AS Numeric(5, 0)))

------------------------------------------------------------------------------------------------------------

--Inserting into Repair

INSERT [dbo].[Repair] ([KilnTimelineID], [InDate], [OutDate], [Remark]) VALUES (N'21', CAST(N'2019-01-24' AS Date), N'', N'')
INSERT [dbo].[Repair] ([KilnTimelineID], [InDate], [OutDate], [Remark]) VALUES (N'22', CAST(N'2019-01-31' AS Date), N'', N'')
INSERT [dbo].[Repair] ([KilnTimelineID], [InDate], [OutDate], [Remark]) VALUES (N'23', CAST(N'2019-02-02' AS Date), N'', N'')
INSERT [dbo].[Repair] ([KilnTimelineID], [InDate], [OutDate], [Remark]) VALUES (N'24', CAST(N'2019-04-02' AS Date), N'', N'')
INSERT [dbo].[Repair] ([KilnTimelineID], [InDate], [OutDate], [Remark]) VALUES (N'25', CAST(N'2019-03-04' AS Date), N'', N'')
INSERT [dbo].[Repair] ([KilnTimelineID], [InDate], [OutDate], [Remark]) VALUES (N'26', CAST(N'2019-04-14' AS Date), N'', N'')
INSERT [dbo].[Repair] ([KilnTimelineID], [InDate], [OutDate], [Remark]) VALUES (N'27', CAST(N'2019-04-15' AS Date), N'', N'')
INSERT [dbo].[Repair] ([KilnTimelineID], [InDate], [OutDate], [Remark]) VALUES (N'28', CAST(N'2019-04-15' AS Date), N'', N'')
INSERT [dbo].[Repair] ([KilnTimelineID], [InDate], [OutDate], [Remark]) VALUES (N'29', CAST(N'2019-04-17' AS Date), N'', N'')
INSERT [dbo].[Repair] ([KilnTimelineID], [InDate], [OutDate], [Remark]) VALUES (N'30', CAST(N'2019-05-19' AS Date), N'', N'')
INSERT [dbo].[Repair] ([KilnTimelineID], [InDate], [OutDate], [Remark]) VALUES (N'31', CAST(N'2019-05-19' AS Date), N'', N'')
INSERT [dbo].[Repair] ([KilnTimelineID], [InDate], [OutDate], [Remark]) VALUES (N'32', CAST(N'2019-05-20' AS Date), N'', N'')
INSERT [dbo].[Repair] ([KilnTimelineID], [InDate], [OutDate], [Remark]) VALUES (N'33', CAST(N'2019-06-22' AS Date), N'', N'')
INSERT [dbo].[Repair] ([KilnTimelineID], [InDate], [OutDate], [Remark]) VALUES (N'34', CAST(N'2019-06-27' AS Date), N'', N'')
INSERT [dbo].[Repair] ([KilnTimelineID], [InDate], [OutDate], [Remark]) VALUES (N'35', CAST(N'2019-07-20' AS Date), N'', N'')
INSERT [dbo].[Repair] ([KilnTimelineID], [InDate], [OutDate], [Remark]) VALUES (N'36', CAST(N'2019-07-24' AS Date), N'', N'')
INSERT [dbo].[Repair] ([KilnTimelineID], [InDate], [OutDate], [Remark]) VALUES (N'37', CAST(N'2019-08-20' AS Date), N'', N'')
INSERT [dbo].[Repair] ([KilnTimelineID], [InDate], [OutDate], [Remark]) VALUES (N'38', CAST(N'2019-09-25' AS Date), N'', N'')
	
-------------------------------------------------------------------------------------------------------------------------------
--Inserting into faults lookup

INSERT [dbo].[Faults LU] ([FaultID], [Fault]) VALUES (CAST(1 AS Numeric(5, 0)), N'All blades broken')
INSERT [dbo].[Faults LU] ([FaultID], [Fault]) VALUES (CAST(2 AS Numeric(5, 0)), N'Floating ring broken')
INSERT [dbo].[Faults LU] ([FaultID], [Fault]) VALUES (CAST(3 AS Numeric(5, 0)), N'Fixed ring siezed')
INSERT [dbo].[Faults LU] ([FaultID], [Fault]) VALUES (CAST(4 AS Numeric(5, 0)), N'Off side floating ring broken')
INSERT [dbo].[Faults LU] ([FaultID], [Fault]) VALUES (CAST(5 AS Numeric(5, 0)), N'On side floating ring broken')
INSERT [dbo].[Faults LU] ([FaultID], [Fault]) VALUES (CAST(6 AS Numeric(5, 0)), N'Casing bottom cracked')
INSERT [dbo].[Faults LU] ([FaultID], [Fault]) VALUES (CAST(7 AS Numeric(5, 0)), N'Casing bottom rubbed')
INSERT [dbo].[Faults LU] ([FaultID], [Fault]) VALUES (CAST(8 AS Numeric(5, 0)), N'Floating ring blades stuck')
INSERT [dbo].[Faults LU] ([FaultID], [Fault]) VALUES (CAST(9 AS Numeric(5, 0)), N'Blades jammed in rotor')
INSERT [dbo].[Faults LU] ([FaultID], [Fault]) VALUES (CAST(10 AS Numeric(5, 0)), N'Partial blades jamming')
INSERT [dbo].[Faults LU] ([FaultID], [Fault]) VALUES (CAST(11 AS Numeric(5, 0)), N'Mud inside casing')
INSERT [dbo].[Faults LU] ([FaultID], [Fault]) VALUES (CAST(12 AS Numeric(5, 0)), N'Floating rings stuck')
INSERT [dbo].[Faults LU] ([FaultID], [Fault]) VALUES (CAST(13 AS Numeric(5, 0)), N'Off side bearing broken')
INSERT [dbo].[Faults LU] ([FaultID], [Fault]) VALUES (CAST(14 AS Numeric(5, 0)), N'On side bearing broken')
INSERT [dbo].[Faults LU] ([FaultID], [Fault]) VALUES (CAST(15 AS Numeric(5, 0)), N'Fixed ring ID increased')
INSERT [dbo].[Faults LU] ([FaultID], [Fault]) VALUES (CAST(16 AS Numeric(5, 0)), N'Side clearance problmatic')
INSERT [dbo].[Faults LU] ([FaultID], [Fault]) VALUES (CAST(17 AS Numeric(5, 0)), N'Leakage from dowel pin')
INSERT [dbo].[Faults LU] ([FaultID], [Fault]) VALUES (CAST(18 AS Numeric(5, 0)), N'Casing leakage')
INSERT [dbo].[Faults LU] ([FaultID], [Fault]) VALUES (CAST(19 AS Numeric(5, 0)), N'Floating ring ID increaed ')
INSERT [dbo].[Faults LU] ([FaultID], [Fault]) VALUES (CAST(20 AS Numeric(5, 0)), N'Rotor sized')
INSERT [dbo].[Faults LU] ([FaultID], [Fault]) VALUES (CAST(21 AS Numeric(5, 0)), N'Water and mud in the casing')
INSERT [dbo].[Faults LU] ([FaultID], [Fault]) VALUES (CAST(22 AS Numeric(5, 0)), N'Off side bearing loose')
INSERT [dbo].[Faults LU] ([FaultID], [Fault]) VALUES (CAST(23 AS Numeric(5, 0)), N'On side bearing loose')
INSERT [dbo].[Faults LU] ([FaultID], [Fault]) VALUES (CAST(24 AS Numeric(5, 0)), N'On side over cracked')
INSERT [dbo].[Faults LU] ([FaultID], [Fault]) VALUES (CAST(25 AS Numeric(5, 0)), N'Water jacket clogging')
INSERT [dbo].[Faults LU] ([FaultID], [Fault]) VALUES (CAST(26 AS Numeric(5, 0)), N'Misc')

--------------------------------------------------------------------------------------------------------------
--Inserting into Faults inspection

INSERT [dbo].[Faults inspection] ([RepairID], [OccurDate], [FaultID], [Remark]) VALUES (CAST(1 AS Numeric(5, 0)), CAST(N'2019-01-24' AS Date), CAST(1 AS Numeric(5, 0)), N'')
INSERT [dbo].[Faults inspection] ([RepairID], [OccurDate], [FaultID], [Remark]) VALUES (CAST(1 AS Numeric(5, 0)), CAST(N'2019-01-24' AS Date), CAST(2 AS Numeric(5, 0)), N'')
INSERT [dbo].[Faults inspection] ([RepairID], [OccurDate], [FaultID], [Remark]) VALUES (CAST(1 AS Numeric(5, 0)), CAST(N'2019-01-24' AS Date), CAST(5 AS Numeric(5, 0)), N'')
INSERT [dbo].[Faults inspection] ([RepairID], [OccurDate], [FaultID], [Remark]) VALUES (CAST(1 AS Numeric(5, 0)), CAST(N'2019-01-24' AS Date), CAST(6 AS Numeric(5, 0)), N'')
INSERT [dbo].[Faults inspection] ([RepairID], [OccurDate], [FaultID], [Remark]) VALUES (CAST(1 AS Numeric(5, 0)), CAST(N'2019-01-24' AS Date), CAST(8 AS Numeric(5, 0)), N'')
INSERT [dbo].[Faults inspection] ([RepairID], [OccurDate], [FaultID], [Remark]) VALUES (CAST(1 AS Numeric(5, 0)), CAST(N'2019-01-24' AS Date), CAST(11 AS Numeric(5, 0)), N'')
INSERT [dbo].[Faults inspection] ([RepairID], [OccurDate], [FaultID], [Remark]) VALUES (CAST(1 AS Numeric(5, 0)), CAST(N'2019-01-24' AS Date), CAST(20 AS Numeric(5, 0)), N'')
INSERT [dbo].[Faults inspection] ([RepairID], [OccurDate], [FaultID], [Remark]) VALUES (CAST(1 AS Numeric(5, 0)), CAST(N'2019-01-24' AS Date), CAST(22 AS Numeric(5, 0)), N'')
INSERT [dbo].[Faults inspection] ([RepairID], [OccurDate], [FaultID], [Remark]) VALUES (CAST(2 AS Numeric(5, 0)), CAST(N'2019-01-31' AS Date), CAST(2 AS Numeric(5, 0)), N'')
INSERT [dbo].[Faults inspection] ([RepairID], [OccurDate], [FaultID], [Remark]) VALUES (CAST(3 AS Numeric(5, 0)), CAST(N'2019-02-02' AS Date), CAST(16 AS Numeric(5, 0)), N'')
INSERT [dbo].[Faults inspection] ([RepairID], [OccurDate], [FaultID], [Remark]) VALUES (CAST(3 AS Numeric(5, 0)), CAST(N'2019-02-02' AS Date), CAST(18 AS Numeric(5, 0)), N'')
INSERT [dbo].[Faults inspection] ([RepairID], [OccurDate], [FaultID], [Remark]) VALUES (CAST(3 AS Numeric(5, 0)), CAST(N'2019-02-02' AS Date), CAST(3 AS Numeric(5, 0)), N'')
INSERT [dbo].[Faults inspection] ([RepairID], [OccurDate], [FaultID], [Remark]) VALUES (CAST(3 AS Numeric(5, 0)), CAST(N'2019-02-02' AS Date), CAST(5 AS Numeric(5, 0)), N'')
INSERT [dbo].[Faults inspection] ([RepairID], [OccurDate], [FaultID], [Remark]) VALUES (CAST(3 AS Numeric(5, 0)), CAST(N'2019-03-02' AS Date), CAST(1 AS Numeric(5, 0)), N'')
INSERT [dbo].[Faults inspection] ([RepairID], [OccurDate], [FaultID], [Remark]) VALUES (CAST(3 AS Numeric(5, 0)), CAST(N'2019-04-02' AS Date), CAST(6 AS Numeric(5, 0)), N'')
INSERT [dbo].[Faults inspection] ([RepairID], [OccurDate], [FaultID], [Remark]) VALUES (CAST(4 AS Numeric(5, 0)), CAST(N'2019-04-02' AS Date), CAST(11 AS Numeric(5, 0)), N'')
INSERT [dbo].[Faults inspection] ([RepairID], [OccurDate], [FaultID], [Remark]) VALUES (CAST(5 AS Numeric(5, 0)), CAST(N'2019-03-04' AS Date), CAST(20 AS Numeric(5, 0)), N'')
INSERT [dbo].[Faults inspection] ([RepairID], [OccurDate], [FaultID], [Remark]) VALUES (CAST(5 AS Numeric(5, 0)), CAST(N'2019-03-04' AS Date), CAST(2 AS Numeric(5, 0)), N'')
INSERT [dbo].[Faults inspection] ([RepairID], [OccurDate], [FaultID], [Remark]) VALUES (CAST(5 AS Numeric(5, 0)), CAST(N'2019-03-04' AS Date), CAST(25 AS Numeric(5, 0)), N'')
INSERT [dbo].[Faults inspection] ([RepairID], [OccurDate], [FaultID], [Remark]) VALUES (CAST(5 AS Numeric(5, 0)), CAST(N'2019-03-04' AS Date), CAST(12 AS Numeric(5, 0)), N'')
INSERT [dbo].[Faults inspection] ([RepairID], [OccurDate], [FaultID], [Remark]) VALUES (CAST(6 AS Numeric(5, 0)), CAST(N'2019-04-14' AS Date), CAST(9 AS Numeric(5, 0)), N'')
INSERT [dbo].[Faults inspection] ([RepairID], [OccurDate], [FaultID], [Remark]) VALUES (CAST(6 AS Numeric(5, 0)), CAST(N'2019-04-14' AS Date), CAST(2 AS Numeric(5, 0)), N'')
INSERT [dbo].[Faults inspection] ([RepairID], [OccurDate], [FaultID], [Remark]) VALUES (CAST(6 AS Numeric(5, 0)), CAST(N'2019-04-14' AS Date), CAST(6 AS Numeric(5, 0)), N'')
INSERT [dbo].[Faults inspection] ([RepairID], [OccurDate], [FaultID], [Remark]) VALUES (CAST(6 AS Numeric(5, 0)), CAST(N'2019-04-14' AS Date), CAST(8 AS Numeric(5, 0)), N'')
INSERT [dbo].[Faults inspection] ([RepairID], [OccurDate], [FaultID], [Remark]) VALUES (CAST(6 AS Numeric(5, 0)), CAST(N'2019-04-14' AS Date), CAST(24 AS Numeric(5, 0)), N'')
INSERT [dbo].[Faults inspection] ([RepairID], [OccurDate], [FaultID], [Remark]) VALUES (CAST(6 AS Numeric(5, 0)), CAST(N'2019-04-14' AS Date), CAST(12 AS Numeric(5, 0)), N'')
INSERT [dbo].[Faults inspection] ([RepairID], [OccurDate], [FaultID], [Remark]) VALUES (CAST(6 AS Numeric(5, 0)), CAST(N'2019-04-14' AS Date), CAST(11 AS Numeric(5, 0)), N'')
INSERT [dbo].[Faults inspection] ([RepairID], [OccurDate], [FaultID], [Remark]) VALUES (CAST(6 AS Numeric(5, 0)), CAST(N'2019-04-14' AS Date), CAST(17 AS Numeric(5, 0)), N'')
INSERT [dbo].[Faults inspection] ([RepairID], [OccurDate], [FaultID], [Remark]) VALUES (CAST(7 AS Numeric(5, 0)), CAST(N'2019-04-15' AS Date), CAST(2 AS Numeric(5, 0)), N'')
INSERT [dbo].[Faults inspection] ([RepairID], [OccurDate], [FaultID], [Remark]) VALUES (CAST(7 AS Numeric(5, 0)), CAST(N'2019-04-15' AS Date), CAST(9 AS Numeric(5, 0)), N'')
INSERT [dbo].[Faults inspection] ([RepairID], [OccurDate], [FaultID], [Remark]) VALUES (CAST(8 AS Numeric(5, 0)), CAST(N'2019-04-15' AS Date), CAST(2 AS Numeric(5, 0)), N'')
INSERT [dbo].[Faults inspection] ([RepairID], [OccurDate], [FaultID], [Remark]) VALUES (CAST(9 AS Numeric(5, 0)), CAST(N'2019-04-17' AS Date), CAST(2 AS Numeric(5, 0)), N'')
INSERT [dbo].[Faults inspection] ([RepairID], [OccurDate], [FaultID], [Remark]) VALUES (CAST(9 AS Numeric(5, 0)), CAST(N'2019-04-17' AS Date), CAST(3 AS Numeric(5, 0)), N'')
INSERT [dbo].[Faults inspection] ([RepairID], [OccurDate], [FaultID], [Remark]) VALUES (CAST(9 AS Numeric(5, 0)), CAST(N'2019-04-17' AS Date), CAST(6 AS Numeric(5, 0)), N'')
INSERT [dbo].[Faults inspection] ([RepairID], [OccurDate], [FaultID], [Remark]) VALUES (CAST(9 AS Numeric(5, 0)), CAST(N'2019-04-17' AS Date), CAST(18 AS Numeric(5, 0)), N'')
INSERT [dbo].[Faults inspection] ([RepairID], [OccurDate], [FaultID], [Remark]) VALUES (CAST(9 AS Numeric(5, 0)), CAST(N'2019-04-17' AS Date), CAST(25 AS Numeric(5, 0)), N'')
INSERT [dbo].[Faults inspection] ([RepairID], [OccurDate], [FaultID], [Remark]) VALUES (CAST(10 AS Numeric(5, 0)), CAST(N'2019-05-19' AS Date), CAST(21 AS Numeric(5, 0)), N'')
INSERT [dbo].[Faults inspection] ([RepairID], [OccurDate], [FaultID], [Remark]) VALUES (CAST(11 AS Numeric(5, 0)), CAST(N'2019-05-19' AS Date), CAST(2 AS Numeric(5, 0)), N'')
INSERT [dbo].[Faults inspection] ([RepairID], [OccurDate], [FaultID], [Remark]) VALUES (CAST(11 AS Numeric(5, 0)), CAST(N'2019-05-19' AS Date), CAST(6 AS Numeric(5, 0)), N'')
INSERT [dbo].[Faults inspection] ([RepairID], [OccurDate], [FaultID], [Remark]) VALUES (CAST(11 AS Numeric(5, 0)), CAST(N'2019-05-19' AS Date), CAST(8 AS Numeric(5, 0)), N'')
INSERT [dbo].[Faults inspection] ([RepairID], [OccurDate], [FaultID], [Remark]) VALUES (CAST(11 AS Numeric(5, 0)), CAST(N'2019-05-19' AS Date), CAST(24 AS Numeric(5, 0)), N'')
INSERT [dbo].[Faults inspection] ([RepairID], [OccurDate], [FaultID], [Remark]) VALUES (CAST(11 AS Numeric(5, 0)), CAST(N'2019-05-19' AS Date), CAST(12 AS Numeric(5, 0)), N'')
INSERT [dbo].[Faults inspection] ([RepairID], [OccurDate], [FaultID], [Remark]) VALUES (CAST(11 AS Numeric(5, 0)), CAST(N'2019-05-19' AS Date), CAST(11 AS Numeric(5, 0)), N'')
INSERT [dbo].[Faults inspection] ([RepairID], [OccurDate], [FaultID], [Remark]) VALUES (CAST(11 AS Numeric(5, 0)), CAST(N'2019-05-19' AS Date), CAST(17 AS Numeric(5, 0)), N'')
INSERT [dbo].[Faults inspection] ([RepairID], [OccurDate], [FaultID], [Remark]) VALUES (CAST(11 AS Numeric(5, 0)), CAST(N'2019-05-19' AS Date), CAST(18 AS Numeric(5, 0)), N'')
INSERT [dbo].[Faults inspection] ([RepairID], [OccurDate], [FaultID], [Remark]) VALUES (CAST(11 AS Numeric(5, 0)), CAST(N'2019-05-19' AS Date), CAST(25 AS Numeric(5, 0)), N'')
INSERT [dbo].[Faults inspection] ([RepairID], [OccurDate], [FaultID], [Remark]) VALUES (CAST(11 AS Numeric(5, 0)), CAST(N'2019-05-20' AS Date), CAST(1 AS Numeric(5, 0)), N'')
INSERT [dbo].[Faults inspection] ([RepairID], [OccurDate], [FaultID], [Remark]) VALUES (CAST(11 AS Numeric(5, 0)), CAST(N'2019-05-21' AS Date), CAST(9 AS Numeric(5, 0)), N'')
INSERT [dbo].[Faults inspection] ([RepairID], [OccurDate], [FaultID], [Remark]) VALUES (CAST(12 AS Numeric(5, 0)), CAST(N'2019-05-20' AS Date), CAST(3 AS Numeric(5, 0)), N'')
INSERT [dbo].[Faults inspection] ([RepairID], [OccurDate], [FaultID], [Remark]) VALUES (CAST(12 AS Numeric(5, 0)), CAST(N'2019-05-20' AS Date), CAST(6 AS Numeric(5, 0)), N'')
INSERT [dbo].[Faults inspection] ([RepairID], [OccurDate], [FaultID], [Remark]) VALUES (CAST(12 AS Numeric(5, 0)), CAST(N'2019-05-20' AS Date), CAST(18 AS Numeric(5, 0)), N'')
INSERT [dbo].[Faults inspection] ([RepairID], [OccurDate], [FaultID], [Remark]) VALUES (CAST(13 AS Numeric(5, 0)), CAST(N'2019-06-22' AS Date), CAST(25 AS Numeric(5, 0)), N'')
INSERT [dbo].[Faults inspection] ([RepairID], [OccurDate], [FaultID], [Remark]) VALUES (CAST(14 AS Numeric(5, 0)), CAST(N'2019-06-27' AS Date), CAST(1 AS Numeric(5, 0)), N'')
INSERT [dbo].[Faults inspection] ([RepairID], [OccurDate], [FaultID], [Remark]) VALUES (CAST(15 AS Numeric(5, 0)), CAST(N'2019-07-20' AS Date), CAST(16 AS Numeric(5, 0)), N'')
INSERT [dbo].[Faults inspection] ([RepairID], [OccurDate], [FaultID], [Remark]) VALUES (CAST(15 AS Numeric(5, 0)), CAST(N'2019-07-20' AS Date), CAST(22 AS Numeric(5, 0)), N'')
INSERT [dbo].[Faults inspection] ([RepairID], [OccurDate], [FaultID], [Remark]) VALUES (CAST(15 AS Numeric(5, 0)), CAST(N'2019-07-20' AS Date), CAST(3 AS Numeric(5, 0)), N'')
INSERT [dbo].[Faults inspection] ([RepairID], [OccurDate], [FaultID], [Remark]) VALUES (CAST(15 AS Numeric(5, 0)), CAST(N'2019-07-20' AS Date), CAST(5 AS Numeric(5, 0)), N'')
INSERT [dbo].[Faults inspection] ([RepairID], [OccurDate], [FaultID], [Remark]) VALUES (CAST(15 AS Numeric(5, 0)), CAST(N'2019-07-20' AS Date), CAST(1 AS Numeric(5, 0)), N'')
INSERT [dbo].[Faults inspection] ([RepairID], [OccurDate], [FaultID], [Remark]) VALUES (CAST(15 AS Numeric(5, 0)), CAST(N'2019-07-21' AS Date), CAST(6 AS Numeric(5, 0)), N'')
INSERT [dbo].[Faults inspection] ([RepairID], [OccurDate], [FaultID], [Remark]) VALUES (CAST(16 AS Numeric(5, 0)), CAST(N'2019-07-25' AS Date), CAST(2 AS Numeric(5, 0)), N'')
INSERT [dbo].[Faults inspection] ([RepairID], [OccurDate], [FaultID], [Remark]) VALUES (CAST(16 AS Numeric(5, 0)), CAST(N'2019-07-25' AS Date), CAST(9 AS Numeric(5, 0)), N'')
INSERT [dbo].[Faults inspection] ([RepairID], [OccurDate], [FaultID], [Remark]) VALUES (CAST(17 AS Numeric(5, 0)), CAST(N'2019-08-20' AS Date), CAST(18 AS Numeric(5, 0)), N'')
INSERT [dbo].[Faults inspection] ([RepairID], [OccurDate], [FaultID], [Remark]) VALUES (CAST(17 AS Numeric(5, 0)), CAST(N'2019-08-20' AS Date), CAST(25 AS Numeric(5, 0)), N'')
INSERT [dbo].[Faults inspection] ([RepairID], [OccurDate], [FaultID], [Remark]) VALUES (CAST(17 AS Numeric(5, 0)), CAST(N'2019-08-20' AS Date), CAST(1 AS Numeric(5, 0)), N'')
INSERT [dbo].[Faults inspection] ([RepairID], [OccurDate], [FaultID], [Remark]) VALUES (CAST(18 AS Numeric(5, 0)), CAST(N'2019-09-25' AS Date), CAST(1 AS Numeric(5, 0)), N'')
----------------------------------------------------------------------------------------------------------------

--Inserting into Jobs

INSERT [dbo].[Jobs] ([RepairID], [JobIndex], [JobDone], [Date], [Hours], [Remark]) VALUES (CAST(1 AS Numeric(5, 0)), CAST(1 AS Numeric(5, 0)), N'New blades ', CAST(N'2019-01-24' AS Date), CAST(1 AS Numeric(5, 0)), N'')
INSERT [dbo].[Jobs] ([RepairID], [JobIndex], [JobDone], [Date], [Hours], [Remark]) VALUES (CAST(1 AS Numeric(5, 0)), CAST(2 AS Numeric(5, 0)), N'New floating rings', CAST(N'2019-01-24' AS Date), CAST(2 AS Numeric(5, 0)), N'')
INSERT [dbo].[Jobs] ([RepairID], [JobIndex], [JobDone], [Date], [Hours], [Remark]) VALUES (CAST(1 AS Numeric(5, 0)), CAST(3 AS Numeric(5, 0)), N'Casing sleeve changed', CAST(N'2019-01-25' AS Date), CAST(2 AS Numeric(5, 0)), N'')
INSERT [dbo].[Jobs] ([RepairID], [JobIndex], [JobDone], [Date], [Hours], [Remark]) VALUES (CAST(1 AS Numeric(5, 0)), CAST(4 AS Numeric(5, 0)), N'Complete', CAST(N'2019-01-25' AS Date), CAST(0 AS Numeric(5, 0)), N'')
INSERT [dbo].[Jobs] ([RepairID], [JobIndex], [JobDone], [Date], [Hours], [Remark]) VALUES (CAST(2 AS Numeric(5, 0)), CAST(1 AS Numeric(5, 0)), N'Floating rings changed', CAST(N'2019-02-02' AS Date), CAST(1 AS Numeric(5, 0)), N'')
INSERT [dbo].[Jobs] ([RepairID], [JobIndex], [JobDone], [Date], [Hours], [Remark]) VALUES (CAST(2 AS Numeric(5, 0)), CAST(2 AS Numeric(5, 0)), N'Complete', CAST(N'2019-02-02' AS Date), CAST(2 AS Numeric(5, 0)), N'')
INSERT [dbo].[Jobs] ([RepairID], [JobIndex], [JobDone], [Date], [Hours], [Remark]) VALUES (CAST(3 AS Numeric(5, 0)), CAST(1 AS Numeric(5, 0)), N'Floting rings changed', CAST(N'2019-05-02' AS Date), CAST(0 AS Numeric(5, 0)), N'')
INSERT [dbo].[Jobs] ([RepairID], [JobIndex], [JobDone], [Date], [Hours], [Remark]) VALUES (CAST(3 AS Numeric(5, 0)), CAST(2 AS Numeric(5, 0)), N'New blades ', CAST(N'2019-05-02' AS Date), CAST(2 AS Numeric(5, 0)), N'')
INSERT [dbo].[Jobs] ([RepairID], [JobIndex], [JobDone], [Date], [Hours], [Remark]) VALUES (CAST(3 AS Numeric(5, 0)), CAST(3 AS Numeric(5, 0)), N'New bearing', CAST(N'2019-06-02' AS Date), CAST(3 AS Numeric(5, 0)), N'')
INSERT [dbo].[Jobs] ([RepairID], [JobIndex], [JobDone], [Date], [Hours], [Remark]) VALUES (CAST(3 AS Numeric(5, 0)), CAST(4 AS Numeric(5, 0)), N'New on side cover', CAST(N'2019-06-02' AS Date), CAST(1 AS Numeric(5, 0)), N'')
INSERT [dbo].[Jobs] ([RepairID], [JobIndex], [JobDone], [Date], [Hours], [Remark]) VALUES (CAST(3 AS Numeric(5, 0)), CAST(5 AS Numeric(5, 0)), N'Water jackets cleaned', CAST(N'2019-07-02' AS Date), CAST(2 AS Numeric(5, 0)), N'')
INSERT [dbo].[Jobs] ([RepairID], [JobIndex], [JobDone], [Date], [Hours], [Remark]) VALUES (CAST(3 AS Numeric(5, 0)), CAST(6 AS Numeric(5, 0)), N'Valve changed', CAST(N'2019-07-02' AS Date), CAST(4 AS Numeric(5, 0)), N'')
INSERT [dbo].[Jobs] ([RepairID], [JobIndex], [JobDone], [Date], [Hours], [Remark]) VALUES (CAST(3 AS Numeric(5, 0)), CAST(7 AS Numeric(5, 0)), N'Complete', CAST(N'2019-07-02' AS Date), CAST(0 AS Numeric(5, 0)), N'')
INSERT [dbo].[Jobs] ([RepairID], [JobIndex], [JobDone], [Date], [Hours], [Remark]) VALUES (CAST(4 AS Numeric(5, 0)), CAST(1 AS Numeric(5, 0)), N'Valve changed', CAST(N'2019-05-02' AS Date), CAST(1 AS Numeric(5, 0)), N'')
INSERT [dbo].[Jobs] ([RepairID], [JobIndex], [JobDone], [Date], [Hours], [Remark]) VALUES (CAST(4 AS Numeric(5, 0)), CAST(2 AS Numeric(5, 0)), N'Complete', CAST(N'2019-05-02' AS Date), CAST(0 AS Numeric(5, 0)), N'')
INSERT [dbo].[Jobs] ([RepairID], [JobIndex], [JobDone], [Date], [Hours], [Remark]) VALUES (CAST(5 AS Numeric(5, 0)), CAST(1 AS Numeric(5, 0)), N'Casing bottom repaired ', CAST(N'2019-04-04' AS Date), CAST(8 AS Numeric(5, 0)), N'')
INSERT [dbo].[Jobs] ([RepairID], [JobIndex], [JobDone], [Date], [Hours], [Remark]) VALUES (CAST(5 AS Numeric(5, 0)), CAST(2 AS Numeric(5, 0)), N'Flaoting ring changed', CAST(N'2019-05-04' AS Date), CAST(5 AS Numeric(5, 0)), N'')
INSERT [dbo].[Jobs] ([RepairID], [JobIndex], [JobDone], [Date], [Hours], [Remark]) VALUES (CAST(5 AS Numeric(5, 0)), CAST(3 AS Numeric(5, 0)), N'Blades changed', CAST(N'2019-06-04' AS Date), CAST(4 AS Numeric(5, 0)), N'')
INSERT [dbo].[Jobs] ([RepairID], [JobIndex], [JobDone], [Date], [Hours], [Remark]) VALUES (CAST(5 AS Numeric(5, 0)), CAST(4 AS Numeric(5, 0)), N'Flaoting ring blades changed', CAST(N'2019-10-04' AS Date), CAST(3 AS Numeric(5, 0)), N'')
INSERT [dbo].[Jobs] ([RepairID], [JobIndex], [JobDone], [Date], [Hours], [Remark]) VALUES (CAST(5 AS Numeric(5, 0)), CAST(5 AS Numeric(5, 0)), N'Complete', CAST(N'2019-04-13' AS Date), CAST(0 AS Numeric(5, 0)), N'')
INSERT [dbo].[Jobs] ([RepairID], [JobIndex], [JobDone], [Date], [Hours], [Remark]) VALUES (CAST(6 AS Numeric(5, 0)), CAST(1 AS Numeric(5, 0)), N'Oiled inside casing', CAST(N'2019-04-14' AS Date), CAST(2 AS Numeric(5, 0)), N'')
INSERT [dbo].[Jobs] ([RepairID], [JobIndex], [JobDone], [Date], [Hours], [Remark]) VALUES (CAST(6 AS Numeric(5, 0)), CAST(2 AS Numeric(5, 0)), N'New valve', CAST(N'2019-04-14' AS Date), CAST(2 AS Numeric(5, 0)), N'')
INSERT [dbo].[Jobs] ([RepairID], [JobIndex], [JobDone], [Date], [Hours], [Remark]) VALUES (CAST(6 AS Numeric(5, 0)), CAST(3 AS Numeric(5, 0)), N'New blades for floating ring', CAST(N'2019-04-14' AS Date), CAST(2 AS Numeric(5, 0)), N'')
INSERT [dbo].[Jobs] ([RepairID], [JobIndex], [JobDone], [Date], [Hours], [Remark]) VALUES (CAST(6 AS Numeric(5, 0)), CAST(4 AS Numeric(5, 0)), N'New Blades', CAST(N'2019-04-14' AS Date), CAST(4 AS Numeric(5, 0)), N'')
INSERT [dbo].[Jobs] ([RepairID], [JobIndex], [JobDone], [Date], [Hours], [Remark]) VALUES (CAST(6 AS Numeric(5, 0)), CAST(5 AS Numeric(5, 0)), N'Rotor slots ground', CAST(N'2019-04-15' AS Date), CAST(7 AS Numeric(5, 0)), N'')
INSERT [dbo].[Jobs] ([RepairID], [JobIndex], [JobDone], [Date], [Hours], [Remark]) VALUES (CAST(6 AS Numeric(5, 0)), CAST(6 AS Numeric(5, 0)), N'Rotor eccentricity tested', CAST(N'2019-04-15' AS Date), CAST(1 AS Numeric(5, 0)), N'')
INSERT [dbo].[Jobs] ([RepairID], [JobIndex], [JobDone], [Date], [Hours], [Remark]) VALUES (CAST(6 AS Numeric(5, 0)), CAST(7 AS Numeric(5, 0)), N'Bottom clearnace setting', CAST(N'2019-04-15' AS Date), CAST(1 AS Numeric(5, 0)), N'')
INSERT [dbo].[Jobs] ([RepairID], [JobIndex], [JobDone], [Date], [Hours], [Remark]) VALUES (CAST(6 AS Numeric(5, 0)), CAST(8 AS Numeric(5, 0)), N'Side clearance setting', CAST(N'2019-04-16' AS Date), CAST(1 AS Numeric(5, 0)), N'')
INSERT [dbo].[Jobs] ([RepairID], [JobIndex], [JobDone], [Date], [Hours], [Remark]) VALUES (CAST(6 AS Numeric(5, 0)), CAST(9 AS Numeric(5, 0)), N'Complete', CAST(N'2019-04-16' AS Date), CAST(0 AS Numeric(5, 0)), N'')
INSERT [dbo].[Jobs] ([RepairID], [JobIndex], [JobDone], [Date], [Hours], [Remark]) VALUES (CAST(7 AS Numeric(5, 0)), CAST(1 AS Numeric(5, 0)), N'Bottom clearance setting', CAST(N'2019-04-16' AS Date), CAST(1 AS Numeric(5, 0)), N'')
INSERT [dbo].[Jobs] ([RepairID], [JobIndex], [JobDone], [Date], [Hours], [Remark]) VALUES (CAST(7 AS Numeric(5, 0)), CAST(2 AS Numeric(5, 0)), N'Side clearance setting', CAST(N'2019-04-16' AS Date), CAST(1 AS Numeric(5, 0)), N'')
INSERT [dbo].[Jobs] ([RepairID], [JobIndex], [JobDone], [Date], [Hours], [Remark]) VALUES (CAST(7 AS Numeric(5, 0)), CAST(3 AS Numeric(5, 0)), N'Complete', CAST(N'2019-04-17' AS Date), CAST(0 AS Numeric(5, 0)), N'')
INSERT [dbo].[Jobs] ([RepairID], [JobIndex], [JobDone], [Date], [Hours], [Remark]) VALUES (CAST(8 AS Numeric(5, 0)), CAST(1 AS Numeric(5, 0)), N'Cleaning', CAST(N'2019-04-17' AS Date), CAST(2 AS Numeric(5, 0)), N'')
INSERT [dbo].[Jobs] ([RepairID], [JobIndex], [JobDone], [Date], [Hours], [Remark]) VALUES (CAST(8 AS Numeric(5, 0)), CAST(2 AS Numeric(5, 0)), N'Complete', CAST(N'2019-04-18' AS Date), CAST(0 AS Numeric(5, 0)), N'')
INSERT [dbo].[Jobs] ([RepairID], [JobIndex], [JobDone], [Date], [Hours], [Remark]) VALUES (CAST(9 AS Numeric(5, 0)), CAST(1 AS Numeric(5, 0)), N'New Blades', CAST(N'2019-04-18' AS Date), CAST(1 AS Numeric(5, 0)), N'')
INSERT [dbo].[Jobs] ([RepairID], [JobIndex], [JobDone], [Date], [Hours], [Remark]) VALUES (CAST(9 AS Numeric(5, 0)), CAST(2 AS Numeric(5, 0)), N'New floating rings', CAST(N'2019-04-18' AS Date), CAST(2 AS Numeric(5, 0)), N'')
INSERT [dbo].[Jobs] ([RepairID], [JobIndex], [JobDone], [Date], [Hours], [Remark]) VALUES (CAST(9 AS Numeric(5, 0)), CAST(3 AS Numeric(5, 0)), N'New fixed ring', CAST(N'2019-04-18' AS Date), CAST(1 AS Numeric(5, 0)), N'')
INSERT [dbo].[Jobs] ([RepairID], [JobIndex], [JobDone], [Date], [Hours], [Remark]) VALUES (CAST(9 AS Numeric(5, 0)), CAST(4 AS Numeric(5, 0)), N'New on side bearing', CAST(N'2019-04-18' AS Date), CAST(1 AS Numeric(5, 0)), N'')
INSERT [dbo].[Jobs] ([RepairID], [JobIndex], [JobDone], [Date], [Hours], [Remark]) VALUES (CAST(9 AS Numeric(5, 0)), CAST(5 AS Numeric(5, 0)), N'New off side bearig', CAST(N'2019-04-19' AS Date), CAST(2 AS Numeric(5, 0)), N'')
INSERT [dbo].[Jobs] ([RepairID], [JobIndex], [JobDone], [Date], [Hours], [Remark]) VALUES (CAST(9 AS Numeric(5, 0)), CAST(6 AS Numeric(5, 0)), N'Complete', CAST(N'2019-05-19' AS Date), CAST(0 AS Numeric(5, 0)), N'')
INSERT [dbo].[Jobs] ([RepairID], [JobIndex], [JobDone], [Date], [Hours], [Remark]) VALUES (CAST(10 AS Numeric(5, 0)), CAST(1 AS Numeric(5, 0)), N'New blades', CAST(N'2019-05-19' AS Date), CAST(1 AS Numeric(5, 0)), N'')
INSERT [dbo].[Jobs] ([RepairID], [JobIndex], [JobDone], [Date], [Hours], [Remark]) VALUES (CAST(10 AS Numeric(5, 0)), CAST(2 AS Numeric(5, 0)), N'Complete', CAST(N'2019-05-22' AS Date), CAST(0 AS Numeric(5, 0)), N'')
INSERT [dbo].[Jobs] ([RepairID], [JobIndex], [JobDone], [Date], [Hours], [Remark]) VALUES (CAST(11 AS Numeric(5, 0)), CAST(1 AS Numeric(5, 0)), N'New blades', CAST(N'2019-05-22' AS Date), CAST(1 AS Numeric(5, 0)), N'')
INSERT [dbo].[Jobs] ([RepairID], [JobIndex], [JobDone], [Date], [Hours], [Remark]) VALUES (CAST(11 AS Numeric(5, 0)), CAST(2 AS Numeric(5, 0)), N'New floating rings', CAST(N'2019-05-22' AS Date), CAST(2 AS Numeric(5, 0)), N'')
INSERT [dbo].[Jobs] ([RepairID], [JobIndex], [JobDone], [Date], [Hours], [Remark]) VALUES (CAST(11 AS Numeric(5, 0)), CAST(3 AS Numeric(5, 0)), N'New fixed rings', CAST(N'2019-05-22' AS Date), CAST(1 AS Numeric(5, 0)), N'')
INSERT [dbo].[Jobs] ([RepairID], [JobIndex], [JobDone], [Date], [Hours], [Remark]) VALUES (CAST(11 AS Numeric(5, 0)), CAST(4 AS Numeric(5, 0)), N'Cleaning', CAST(N'2019-05-22' AS Date), CAST(4 AS Numeric(5, 0)), N'')
INSERT [dbo].[Jobs] ([RepairID], [JobIndex], [JobDone], [Date], [Hours], [Remark]) VALUES (CAST(11 AS Numeric(5, 0)), CAST(5 AS Numeric(5, 0)), N'Water jackets cleaned', CAST(N'2019-05-23' AS Date), CAST(4 AS Numeric(5, 0)), N'')
INSERT [dbo].[Jobs] ([RepairID], [JobIndex], [JobDone], [Date], [Hours], [Remark]) VALUES (CAST(11 AS Numeric(5, 0)), CAST(6 AS Numeric(5, 0)), N'Valave changed', CAST(N'2019-05-23' AS Date), CAST(3 AS Numeric(5, 0)), N'')
INSERT [dbo].[Jobs] ([RepairID], [JobIndex], [JobDone], [Date], [Hours], [Remark]) VALUES (CAST(11 AS Numeric(5, 0)), CAST(7 AS Numeric(5, 0)), N'Casing sleeve changed', CAST(N'2019-05-23' AS Date), CAST(4 AS Numeric(5, 0)), N'')
INSERT [dbo].[Jobs] ([RepairID], [JobIndex], [JobDone], [Date], [Hours], [Remark]) VALUES (CAST(11 AS Numeric(5, 0)), CAST(8 AS Numeric(5, 0)), N'Bottom clearance setting', CAST(N'2019-05-24' AS Date), CAST(1 AS Numeric(5, 0)), N'')
INSERT [dbo].[Jobs] ([RepairID], [JobIndex], [JobDone], [Date], [Hours], [Remark]) VALUES (CAST(11 AS Numeric(5, 0)), CAST(9 AS Numeric(5, 0)), N'Side clarance setting', CAST(N'2019-05-24' AS Date), CAST(1 AS Numeric(5, 0)), N'')
INSERT [dbo].[Jobs] ([RepairID], [JobIndex], [JobDone], [Date], [Hours], [Remark]) VALUES (CAST(11 AS Numeric(5, 0)), CAST(10 AS Numeric(5, 0)), N'Off side cover repairing', CAST(N'2019-05-24' AS Date), CAST(2 AS Numeric(5, 0)), N'')
INSERT [dbo].[Jobs] ([RepairID], [JobIndex], [JobDone], [Date], [Hours], [Remark]) VALUES (CAST(11 AS Numeric(5, 0)), CAST(11 AS Numeric(5, 0)), N'Axial clearance setting', CAST(N'2019-05-24' AS Date), CAST(1 AS Numeric(5, 0)), N'')
INSERT [dbo].[Jobs] ([RepairID], [JobIndex], [JobDone], [Date], [Hours], [Remark]) VALUES (CAST(11 AS Numeric(5, 0)), CAST(12 AS Numeric(5, 0)), N'Complete', CAST(N'2019-05-24' AS Date), CAST(0 AS Numeric(5, 0)), N'')
INSERT [dbo].[Jobs] ([RepairID], [JobIndex], [JobDone], [Date], [Hours], [Remark]) VALUES (CAST(12 AS Numeric(5, 0)), CAST(1 AS Numeric(5, 0)), N'New blades', CAST(N'2019-05-24' AS Date), CAST(2 AS Numeric(5, 0)), N'')
INSERT [dbo].[Jobs] ([RepairID], [JobIndex], [JobDone], [Date], [Hours], [Remark]) VALUES (CAST(12 AS Numeric(5, 0)), CAST(2 AS Numeric(5, 0)), N'New fixed ring', CAST(N'2019-05-25' AS Date), CAST(2 AS Numeric(5, 0)), N'')
INSERT [dbo].[Jobs] ([RepairID], [JobIndex], [JobDone], [Date], [Hours], [Remark]) VALUES (CAST(12 AS Numeric(5, 0)), CAST(3 AS Numeric(5, 0)), N'Casing bottom repaired ', CAST(N'2019-05-25' AS Date), CAST(3 AS Numeric(5, 0)), N'')
INSERT [dbo].[Jobs] ([RepairID], [JobIndex], [JobDone], [Date], [Hours], [Remark]) VALUES (CAST(12 AS Numeric(5, 0)), CAST(4 AS Numeric(5, 0)), N'Complete', CAST(N'2019-06-25' AS Date), CAST(0 AS Numeric(5, 0)), N'')
INSERT [dbo].[Jobs] ([RepairID], [JobIndex], [JobDone], [Date], [Hours], [Remark]) VALUES (CAST(13 AS Numeric(5, 0)), CAST(1 AS Numeric(5, 0)), N'Blades changed', CAST(N'2019-06-25' AS Date), CAST(1 AS Numeric(5, 0)), N'')
INSERT [dbo].[Jobs] ([RepairID], [JobIndex], [JobDone], [Date], [Hours], [Remark]) VALUES (CAST(13 AS Numeric(5, 0)), CAST(2 AS Numeric(5, 0)), N'Complete', CAST(N'2019-06-25' AS Date), CAST(0 AS Numeric(5, 0)), N'')
INSERT [dbo].[Jobs] ([RepairID], [JobIndex], [JobDone], [Date], [Hours], [Remark]) VALUES (CAST(14 AS Numeric(5, 0)), CAST(1 AS Numeric(5, 0)), N'Blades changed', CAST(N'2019-06-28' AS Date), CAST(4 AS Numeric(5, 0)), N'')
INSERT [dbo].[Jobs] ([RepairID], [JobIndex], [JobDone], [Date], [Hours], [Remark]) VALUES (CAST(14 AS Numeric(5, 0)), CAST(2 AS Numeric(5, 0)), N'Complete', CAST(N'2019-06-28' AS Date), CAST(0 AS Numeric(5, 0)), N'')
INSERT [dbo].[Jobs] ([RepairID], [JobIndex], [JobDone], [Date], [Hours], [Remark]) VALUES (CAST(15 AS Numeric(5, 0)), CAST(1 AS Numeric(5, 0)), N'Casing bottom repaired ', CAST(N'2019-07-22' AS Date), CAST(4 AS Numeric(5, 0)), N'')
INSERT [dbo].[Jobs] ([RepairID], [JobIndex], [JobDone], [Date], [Hours], [Remark]) VALUES (CAST(15 AS Numeric(5, 0)), CAST(2 AS Numeric(5, 0)), N'New floating rings', CAST(N'2019-07-22' AS Date), CAST(2 AS Numeric(5, 0)), N'')
INSERT [dbo].[Jobs] ([RepairID], [JobIndex], [JobDone], [Date], [Hours], [Remark]) VALUES (CAST(15 AS Numeric(5, 0)), CAST(3 AS Numeric(5, 0)), N'New fixed ring', CAST(N'2019-07-22' AS Date), CAST(1 AS Numeric(5, 0)), N'')
INSERT [dbo].[Jobs] ([RepairID], [JobIndex], [JobDone], [Date], [Hours], [Remark]) VALUES (CAST(15 AS Numeric(5, 0)), CAST(4 AS Numeric(5, 0)), N'Cleaning', CAST(N'2019-07-23' AS Date), CAST(4 AS Numeric(5, 0)), N'')
INSERT [dbo].[Jobs] ([RepairID], [JobIndex], [JobDone], [Date], [Hours], [Remark]) VALUES (CAST(15 AS Numeric(5, 0)), CAST(5 AS Numeric(5, 0)), N'Water jackets cleaned', CAST(N'2019-07-23' AS Date), CAST(3 AS Numeric(5, 0)), N'')
INSERT [dbo].[Jobs] ([RepairID], [JobIndex], [JobDone], [Date], [Hours], [Remark]) VALUES (CAST(15 AS Numeric(5, 0)), CAST(6 AS Numeric(5, 0)), N'Valve changed', CAST(N'2019-07-24' AS Date), CAST(4 AS Numeric(5, 0)), N'')
INSERT [dbo].[Jobs] ([RepairID], [JobIndex], [JobDone], [Date], [Hours], [Remark]) VALUES (CAST(15 AS Numeric(5, 0)), CAST(7 AS Numeric(5, 0)), N'Complete', CAST(N'2019-07-24' AS Date), CAST(0 AS Numeric(5, 0)), N'')
INSERT [dbo].[Jobs] ([RepairID], [JobIndex], [JobDone], [Date], [Hours], [Remark]) VALUES (CAST(16 AS Numeric(5, 0)), CAST(1 AS Numeric(5, 0)), N'Water jacket cleaned', CAST(N'2019-07-25' AS Date), CAST(4 AS Numeric(5, 0)), N'')
INSERT [dbo].[Jobs] ([RepairID], [JobIndex], [JobDone], [Date], [Hours], [Remark]) VALUES (CAST(16 AS Numeric(5, 0)), CAST(2 AS Numeric(5, 0)), N'Valve changed', CAST(N'2019-07-26' AS Date), CAST(4 AS Numeric(5, 0)), N'')
INSERT [dbo].[Jobs] ([RepairID], [JobIndex], [JobDone], [Date], [Hours], [Remark]) VALUES (CAST(16 AS Numeric(5, 0)), CAST(3 AS Numeric(5, 0)), N'Complete', CAST(N'2019-07-26' AS Date), CAST(0 AS Numeric(5, 0)), N'')
INSERT [dbo].[Jobs] ([RepairID], [JobIndex], [JobDone], [Date], [Hours], [Remark]) VALUES (CAST(17 AS Numeric(5, 0)), CAST(1 AS Numeric(5, 0)), N'Blades changed', CAST(N'2019-08-21' AS Date), CAST(2 AS Numeric(5, 0)), N'')
INSERT [dbo].[Jobs] ([RepairID], [JobIndex], [JobDone], [Date], [Hours], [Remark]) VALUES (CAST(17 AS Numeric(5, 0)), CAST(2 AS Numeric(5, 0)), N'New floating rings', CAST(N'2019-08-22' AS Date), CAST(2 AS Numeric(5, 0)), N'')
INSERT [dbo].[Jobs] ([RepairID], [JobIndex], [JobDone], [Date], [Hours], [Remark]) VALUES (CAST(17 AS Numeric(5, 0)), CAST(3 AS Numeric(5, 0)), N'New fixed rings', CAST(N'2019-08-25' AS Date), CAST(1 AS Numeric(5, 0)), N'')
INSERT [dbo].[Jobs] ([RepairID], [JobIndex], [JobDone], [Date], [Hours], [Remark]) VALUES (CAST(17 AS Numeric(5, 0)), CAST(4 AS Numeric(5, 0)), N'Complete', CAST(N'2019-09-25' AS Date), CAST(0 AS Numeric(5, 0)), N'')
INSERT [dbo].[Jobs] ([RepairID], [JobIndex], [JobDone], [Date], [Hours], [Remark]) VALUES (CAST(18 AS Numeric(5, 0)), CAST(1 AS Numeric(5, 0)), N'Casing bottom repaired ', CAST(N'2019-09-26' AS Date), CAST(4 AS Numeric(5, 0)), N'')
INSERT [dbo].[Jobs] ([RepairID], [JobIndex], [JobDone], [Date], [Hours], [Remark]) VALUES (CAST(18 AS Numeric(5, 0)), CAST(2 AS Numeric(5, 0)), N'Complete', CAST(N'2019-09-26' AS Date), CAST(0 AS Numeric(5, 0)), N'')

-------------------------------------------------------------------------------------------------------------------------------

